-- phpMyAdmin SQL Dump
-- version 5.1.0
-- https://www.phpmyadmin.net/
--
-- Host: 127.0.0.1
-- Generation Time: Jul 28, 2021 at 05:31 PM
-- Server version: 10.4.18-MariaDB
-- PHP Version: 8.0.3

SET SQL_MODE = "NO_AUTO_VALUE_ON_ZERO";
START TRANSACTION;
SET time_zone = "+00:00";


/*!40101 SET @OLD_CHARACTER_SET_CLIENT=@@CHARACTER_SET_CLIENT */;
/*!40101 SET @OLD_CHARACTER_SET_RESULTS=@@CHARACTER_SET_RESULTS */;
/*!40101 SET @OLD_COLLATION_CONNECTION=@@COLLATION_CONNECTION */;
/*!40101 SET NAMES utf8mb4 */;

--
-- Database: `deal_system`
--

CREATE DATABASE deal_system;
USE deal_system;

--
-- Table structure for table `deal`
--

CREATE TABLE `deal` (
  `deal_id` int(8) UNSIGNED ZEROFILL NOT NULL,
  `deal_name` varchar(255) DEFAULT NULL,
  `deal_logo` longblob DEFAULT NULL,
  `deal_company` varchar(255) DEFAULT NULL,
  `company_address` varchar(255) DEFAULT NULL,
  `company_postcode` varchar(6) DEFAULT NULL,
  `company_country` varchar(255) DEFAULT NULL,
  `promo_code` varchar(8) DEFAULT NULL,
  `landing_page` varchar(255) DEFAULT NULL,
  `tagline` varchar(255) DEFAULT NULL,
  `description` text DEFAULT NULL,
  `reward` double DEFAULT NULL,
  `reward_unit` varchar(10) DEFAULT NULL,
  `country_listvalidity` text DEFAULT NULL,
  `validity` text NOT NULL
) ENGINE=InnoDB DEFAULT CHARSET=latin1;

--
-- Dumping data for table `deal`
--

INSERT INTO `deal` (`deal_id`, `deal_name`, `deal_logo`, `deal_company`, `company_address`, `company_postcode`, `company_country`, `promo_code`, `landing_page`, `tagline`, `description`, `reward`, `reward_unit`, `country_listvalidity`, `validity`) VALUES
(00000001, 'RAYACOLA', 0x89504e470d0a1a0a0000000d49484452000000e1000000e10803000000096d2248000000b7504c5445e31d2afefefeffffffe30015e30012f0c6c4eec0beebb2b5df0000e10000e31d29dd0000fefeffe31826e30018e21e2ae31121e20009e30b1efaf3f2f1cacbf5dfdff2d4d4ea999af7e6e6ebaaabdd0010fbf6f5f9efeedd0007ecb4b5eaa2a4e0444bf3d2d2e36e72e68183e79092e1585ce04047e2666be16267df323ae67d80df2f37dd252fe7888aeba0a1f4dbdae25258e37377d80719e25c61e04d51de4348dd7a7de87473dc9091dd8384d76c6fe99493ea7c7dafc760a00000191c49444154789ced5d0977e2b8b206d921968c6c59ec7bd8f70021f3eebb6ffaffffae57a5c53609269086ccd0873a73a68917599f6a2fc9722effa753ee9feec0cde981f0fe4923247f26250849bdf0f4e751a14e1284cfd4fdf3883ea7113ab93f8f9cee1f8ff0cfe7e103e1ddd303e1fdd303e1fdd303e1fdd303e1fdd303e1fdd303e1fdd303e1fdd303e1fdd303e1fdd303e1fdd303e1fdd303e1fdd303e1fdd303e1fdd303e1fdd303e1fdd303e1fdd303e1fdd303e1fdd303e1fdd303e1fdd303e1fdd303e1fdd303e117c4d82d3a7555fa3642265dcf7b7bf35c7efd4e3111444001d7bf5dfcc30db21fc484383c2952bfbf873014341c16ea79428a8595f8fafa8b48b89d69a35ca9f41b1337a06cd72b6c2a954da1f6ee05c7248671b7b3fff5d24c1d710761f2d77710b2c0dbf593375226578528bd71216ebbb7aea4de7d69f7c2cf12c3dd79174f7683b87bb4364c75e91b08a5b72ea9776de07f950d21751a7e7dd379c484b7ab63dbf05fb5503d78ad473daf1b7ee0a3f01b44dfe0c5001b1b9abae2628482ee4aea998494a73ea51342b6d75245ee0dda7ae836039fbe20d64db7d1ada641befa327587fb5e0274a569a795370845b34c78da005e8ad0996f0cbefe840a96e3b44a86f2cbdbce2277b2d1f8da7b2abd1e484889aca2c0a1cd61c56224a434a07644191d21fbca1d29c9265287a29712d91ff4e732845c358997e67794c34045935d8b0caea288c26b98b1ab7952880dc90ffd8d960f26e97e9360acce2385917b051c9057cae490bc06aa0d1897917bd0ee450865b8214575e586ab71f29e5009aee214dd97b61ebbfac461c15f2d52e581572773cd2f26e8a0a49f8d181b32602197150438a42ce755f042e14d41c81bf4b0e14b10bae3bc1e47d2f0d48369191ff1e49ebceb2c62b170743d917366041fc13a8434e3d19386c75a846aa10c61488a6407d22966a40f723ddea02dfa00f01284712760d8d40131565235f97d4383e6c136cd72ce8090353c42ec4925d55f16bdb76388add5b2a5003a30044eb93befa0ae163f71f00284cceb1a092533c3b4a0872c6cfc3e0be5dc48687eebb030980250b41b4e833482f4755655f3a41dcc5bf8f005be3149fdd5af27ed32d69f009e8d90fb7d23a1646b9f1aa02bea7bbfad85ced8f67b09da2dfe0263a10ca357222f87f2c1dcf73a2229c9a502b8f69e9f0afd4a4b3b4dd2da1e19ed3311f266e513c01c5fb6f30d2feb96b329da1980752ef04925236a620a42fa319810de0890842b05f0d5eb262101214fc131b7751e421ee8976941f0c729b9e11d3fc8b8e302806bd3c34a93031e5a2055356a8c6ec8ee73975920ba13a10016bc57ab9780afbeff2ca1e7220c79b36e39384d5dc23007703f84518c49c7750e3d2497ea0803caa9abf52da101a8d5bbde418904b398e74a34e157fda88030b7896a4b36de307691a4bef032bcf239089957b14d0dd3822ee87baf5c7e3d482e782086ddc2f3384a1d72c375b730a041c7f73bbe64a8d448f80b01ea96eb4de5dbbd3619c8d0fc9a1dedb4ee0e297566366e2d75b73433ae3a07a1d7b7005f69ce2a06e3745ad70f784f3a22df9ef5b182151916845a59ba237dc2c9f1b9f2320530f4ae610369eb0c4faeade98a1ae4e9a8d831d59d22993bebee53bfdced0d27be7322aafa1a21a35d0bf029911a26c3beb2cf282149583f2882cca9836b35a821a30b9386189b2018a33a69603c74a606607ec5152e609c76afe032e0d2633d566f9f83230c72a00ed41bd64ea4c6e72174471660dd378f043e46b33c6229bcb032212b135aa16943a33dda3f91aa9253ae0e81999baa568a640d1ddb2916c22ff16ecde08b6602c41065c5380929cbeca8e045aa21f2ac2e0b819feb2fe2fe2f11ca7daccecb64b0747c4320fc1621217b35dabc53d5d2e73b74a518cb7867a318b8a3ce569d83a3aca90c21442b7c65a3c0817930f878653ee53c4f7ad1e7cec019b044c578b0690fd4e10b7ffc15421ee62dc25d2a8b6e6836b8601cfdbc0e8f05afab878fa80c5fcba41ca16fab2b80e0613c658d51651d9dc24f04f3ac85ee59858baa24e4a0ba2f071a91eece9c6825546629d8c1907d15707c85d0db5880dd64b0b4669236b41eb2a60e8fc5aaa4f523e22f460f8d93010eb160add90b50f8600ab4953a6ec7a3fdd8a280956c7281aa5b3ed673c63a6d3db4d85106429e0fbf0c8abf40e8d62cc0b617b7a5390898d175f0ad0a8fe5a4a59ebd88302801be478cebd121b528c7df5012c076286643f62738b3fa4d5a6fdcea7754265d3e0313f67c9c35f449b508e6164c010af9fbd7c9f769846212e79ddbd82047c66890026a0a04a7bd2017ed75f60a01a51ca9accdf248d9fca86b8d4bd2f4bb49f7c836e9a5d02eae343de627582ed0bea5182ab597ed94e27c1761e2ea1bb1de831d2f22404856d0d7fb2d32915e8dc452087a960721339c266db0097c62cc4cc218869c56f6ebc0a238fbf2e6292b3ce14bfd9405e2e29d3a8ce71951ff0984612e585b80ad8e6d4beb3a60f04ba4f442a305a9fae30a49dc8980ecaedc61c1429724e62082465cb7a98ed3828d650ee551b8912b33faadc7dba82db4f93917bc1021588ad88ec6a5186300217814cb36e44ea33629db120ad19553b99c440c73206b80a5065b485947f08926d99c9f9d3f3bda132aefcb683f099bbe8d90b90d0bb01ac76091ce83217864dc7fcda7eb99a4678256889cb916426d80b5034c87285ce48d8cd6cece9f4146d52d2308f63878fac29989e92984a1e50df9cb0eb4d0fe1fcc075ab3c01f8244d666fa5829f548636550098f9819a66da28e00ec31ce3ff798a7e6236835566696003c76d7d9089d9885561e420cf8f3c6ec63cbe018cbd474379dccb946a0c0c133f142622c81abe578665b7eb7a5b4c87b79ef1c9a7e167893d9bb2d8eea580f9599c51ce4aeb7fa0bee1201d2c5d91397b1f8595d6141cd488ae24728b684841a018461899aa12b8e0d30d887a23133b4d1478536e384421c697cdeb48cc27e909b05bc87d589b68ec459a765ad35f7ab0a2073975d2cbf2fe8b4d1ebf51abbe310b31106b1b37fb2f69c69d0a46524047aba0ea8cead52c91ce7ba372590518c668a460cc091563af8cc576366f26faaf7ee3bcebf80834dd596b937b2c99f0a41a38676c221c732291a2d8e652915142eb439c8b05999089381b6813f5cdc4bb310f3980de5865ff538a8b30933594888b394322b2cc14c07593cd6ef917a9e76a6908491a47828576ad2a9fa0a767a2c948f5206aee688559b74bd5c289775357444cf121549cf39ae919908c5d6b2309ec9617e5eab972ed38236c1b84585188e05688e28cd33f60153259b10b926dfd4a6495f5e248d26fdcbb40c8e186bcf24bfa781df260b115bae9217bcb454a01e6c8b6a589ea55fd0a73a19262713a13991eebbf66b566a312c0426740ceaf801b46700ec64684d0e80e5610b2354bccf866b2ab3d3e3a12ac1b46e123477a792ca49a086034457d79eb13c0a67461838cd34df0794fbdaf80db222d44c84b190e67d7b28328569d533de6c63740111cca1aed251cca1c4e46c0546914f4a900f5918a9f1c0f084e5a20a59299dd3650135c3e23e63cdd44433759c2c9cc2e160af01ee9d9cabea6d89c73e1ba10e2595f58a0d9c5fd4fddd0bacc3574809c2aba071a09af1fc431ee3712eacdfc744aaa2ec534a0b0395d4174144db5a5e4bc407a0ee42dbb33785b60ad2613dc5ff54c0b406a083ba3680853f1bab4e78d6346d164219f734b66fdc6403642a59b082e06d2ec25c642ce92f2524cc7b2564636d2b06c7eae7d209dba4ad0da7f36a0d58935973a6458cebc2403035e10eaa31eb402a9d327a65f47a62a93563e832aba027a616b210ba05cbc378f6c7a821989e8ebf4613abd4a892925c015a4f6c183ea02b03b0d5d9b548cb141dfd12496443ae9368202787d80193b0611580ab672e84b415475253bc36697003845eccb4fb6a6647365908a9ad305493b429ce34542caa93cfa862fdbd0ce81662f1b167f5b74a52d703c35523220e673004302cd4220e6a0e7c97da9736daaa8e01717e877b26d16abf284e793a0daea2d3376666712211ce42d849a993e5a12d31e78b45d29ae8465d5b8aa8ac4700a93471b709ae7afcb3359787b2a10c91d5afd02868cbd7c550e4ea18a710dd01e9baa6680c7faa4132e6b9856aeaa8a8c468f8650841274ce7122b6c7cbb3a5a0f8d76ca03c6f603c16d6d0e12b9b195ae765c17f75b36607392605ad94108271a8eee32569a820196eadba02443cd555d290e212d5309384ed6432fd5a997531958064211d7109358c8283c567cbb71d146d7060d9011641c98e4a8f0833c7b631d8840421ce726318721c853c30881cc5ec18764740e4aa8ee0047c182895a77d2b2534bfa2a2b97cfa83cc6cca8e836cc6518d32c84b1babc25028081b612bef42c8f98b44cedbbb0d2415835aeb57430a222c56152a59335cb568810029037d2da512d7c3df097b492923ae1ad41bc2bdd96961a1dd89b329f8a60a4b2ba248f350137ca4aa3b210fee793bfc7fe4dcaad527977584611410f0c4cbd6716488013ecd6db65acb5303129b737b566aa5ce4dac410178780a701f3af6b16e8d7e68ed6742375cc7b06dda39394b136a0b4ee706d96312284d0af32ce10d58b104242e6fbeec72405f238cfa7c9ec01733c2f32fd76bde860f62d290263b7c0fc5bf6d20d089b6732246dbe41ef5b1da6b3541db13226f346277336dd50657450dffed112f90984b1947e58f5775cda3fae37615901466c68205de62fb89042df19411c20031df019d5c78a105c6518a5232b9b6ca3abb47929781d0c0e3373fd2c5bbab4084fdaa94b09124cd32ca4446260a72b549ab293daefd910973630d8b431b7b233d6bb20936d490c124fac4c4e332ba719084da214cbff59dde742068eda7fd909e4d181816cd120442e702bef628e138e62aa0da94ea5219bc4aa9aee1f784a38c4df8a09938d8c424a8c13508d2c19cd4618d9a517fd736a765c0491d79c0cd6bde742b95c2e746bbb09e8e22794073c8c494062d5f6990e068ce62368ac5d194e3d25ce218f912a335362e46f07a7893627d64b6446deb1275f9eae66e11a5e6f35e895dbe4905ae5a1fcb41c34d6c3549c257071133cc52bea682c52c74ae03c4266220ff2b7b4b3092a1760b6500249096433ade373a9a711e294926eaf9cc944b552c1dffe5d566ecfae3ab3a45c645c2a3314d9452b8524dc9dc3ed5bc9b80e0670111993ab922e86dba47b2a3027340d078cfb159bc0d075aacc7209c25c6057721c5b6794d36bb13bfbd78fab5c3f82ec4fd2730bcc5628c1f9e95e710ad1199905393da3836cf1036f06ff28190f7a1689bbb5439e870baafa709dfa3d72c2ca2884593b969bf0080f8f686a8cd00f80dad1cebeb78905b2546a65c024a4e7a5d8684c2302594552c86885f3a53327196b10d31144026da6eb19a6e653f0815596ffdd91cd17ebb8a27871a26cce4e551353336bd5170a2135242bca5ca2da3514bafca65b1bbc70dff78096d35ee593a82a2cefa92ed078368b7417b3212e476bbd281e2485210c0cf59a1a16a72e40bd4672412b393ccc30a38ca3658fa8d7c8429893e324c1abbc4e57d2ef88e56cd8e82bb5ab7787133f721472dd203016179517937e5a82c4d58a6a1c7ac71754859690a0118b00a9da503d4ec4716d4237feddd7128d4900040de260d5334a19970eed4c06b56e79536fe97b8ece3dc9793d9dc42654690cdea873c4e57177b931f944f575319deed60d6586aa52d828275edaa19bcdafe3b2fd227e56c30a364b22f51eb525ea22a436f6302e6664b3f4b49d7a11643eeca616f96723c4c2b34d5e62940a5dd61c0170d2eb62a6519ed30027b351a6e7a30dc96365500f341a3f62db6b8864f983aadb6356b24fe48e735dee25bf22930dc2050b0c0ef4308610fccdfef7bfef713227e9dbaf42fb8851c898036681bf2b94ec50540aa37113d09d9eed016122c3b493e04a7aa77104ee2cbbca2e15cbeba69b6a4b4cb067a5d141ea22c6f8f8f21223f96087b775c340553c40517ee163c4fefffe3bd7abe544f4b6ee6718f6ccb5184cb81e7f9fcdf62fa11fb9f2cbb92c20bfbdfba8fcdc5d3d0de291e18e371f6f977ef461b2977bfbc5bbf7e1a0f0de672b9dfc31d9dcefdf5cbdfe6dbcf8cb0c85d8aac91b687550ce705ba7102a945c2d9ef81a9bb97c752494e5d13e9d6f70c18f05aee25838cb13a16122fe9dba149b12d1b2d13a66cacf4278291d1f8c1bbc011693f4c6e5cf51d5ed10fe2885886f57c994cefb479893feb0fd25bebb45c8807f67e1bb57844c788bf3f0dd2942410718749db22f778d90d3f1d7f6e508c27fff9bcb9a7834e95f802ff92ad92d9dd61589b998571e0392ca0f8e20cce77b9ddf7f43e4072868f63e0048aa43ad76bd52a9d4dbadd62152fb75c0d6da3fbb7af84f91a0eb562a7cd1c03685d7e1ec256c7a1ea55104792fa56fabed60d428d7f5b5b9f8f2d2c2fb576314e65de1185cbd30da732f72215be33c654718e35c4827f252550c7357fb5f8c110c68bcd61333ebd799a46ef071e6e1809c8f0815c6f5f197fbff69e27452b6b3fca4d2dbfbf434384547102a7dac49f7fc7ce94788f16859b0efdf9487e197a9b8a1a308552bcf737aaad0fad3040e42bf7e43f28541e763f27c823210ea6aeed4fbe29da29f22c65df37e18791af8aecc9cbd3b429908b542beaee879b2705382045ee3dbac6574697f4e21546fa1f5779f677d7f96049da817895abd393d3e6977924e21b456a7bbf54ebde0775362d2dbabf2597fe039df52992f112a8d6c37de954a5e6d139333893bcd35ae3929369668f6bea52f6720b420b7bef3a33ac9249d3cabd52d43ff7bec53741e42ed844add41f3c8c4ee4d88c948eaed77cae38f25d4cbe85c8416657f34f1dc5ba364d2edeccaca7a767fdb2b5f82d0b2b2305cde10250fe8dbe249e73daf6fbfbfd1d685082dca76613df1bf0879bf415cbafe5f3533af5c1a75ae111d7f03a14599efbf4e432fba124c5cf1e04fd64f2d55bb86311c82fa5dc3b07d13a14549dae5d7dddcf7dce082898d0360393569ee7a6fb35ad9ece081ef5eece86f9997eb204c60e62b85da60d23169e8f953383a43f5e7bbd7a7d4941f2446d3abe1fb7d84094ce067b5fb3adccf9b1e8d705594149074a727a0715f0cc8bb8594418013ec6f93e91aab0c077523854f5c31b8b80ac243a0a455af3e3df746c3e9ec7d1972dc0ec3505384e1643ffbb57e6d14aaf50fa5a2037c57a46b22fc883446506c01153f9d38726365ea5d3b6eba05c24cc0a7ebef605f063748ba7f00e17984f6f3f7c2b37f3742acf0656f3173ff08afe8dfff9508711fc81b56680f105e3499732d78e4e9fdeaf6330b21a9d4b571ff417cadde2aba6d2e76b836d19b8faa473dd56de091eaee77b2f76f20ec3a5c46cdc173fbf628313bc2dad9edcb229fd797e23aafa5ce626e855215aef73f546e3ebe821633d1975a396f505e5531b1cdc24015617fa4ae75624f8520f25f464fa5abf252d5b3a6fec585eb9b2054288197c96ad4df06079eeff5dd737f769ee0ebfdda704571733c2ad47f03a6bab3d21834a39f9fea396fef4b267047e6edfab96f93ba8bb09176b9b66f522c28fffc34cf05bbec32e066e4f331e6e571f67a2c40c0dd6f2d95365d9c6677cf9ccebc015dbc6339be8f10519fbf0f468d42bf524a614d51abbd29776bbbadd0cbf96f8f239bbef96d04f3e6052eeb785b4db6fbe96031445aeca6fbed3cb4a59a7fc344f9ef7fc1435797b0be8424d482e97f01b098aef38d929f9e75bb841e5f61b97f7a20bc7f7a20bc7f7a20bc7f7a20bc7f7a20bc7ffa2184ec870a6b47e867103249e93ff526c78f2064f2ef62ebf91f5a1cff333c0c6a446d5ff64fd02d113211485580622e22a4f63565389eecd0c3d5d71985ae323221f1cc5513ea1b2294cdc168346dba9cadf60d5c45b99fad18f4de690e6abdf58b7e8b8cbfcc6613e1cd5ef1957ae9e399e5393bad9f4fb743e898ed7d0b13bd8708fe7ee7398edb63aaf2b7daf0c3e912d20b2a0437b48a16ba705738b1cfe337fa712b8422fece4dd74d21645ebce70b1904eaf96484b3065b11d5ec8993fb205e4a374318550959f872d0274dbe5c1708a90ed7a325ee1a4c4863bf559fc19ca89dae708b64527fc19d9f484d3407c0c8c6153b723384b445f2be64225af11ca37f13f24ca564fc1dd0ecc1e6041dc0d58fd4f309a9f911a71bb5f1220b80e3e48a727a3b1e82e86df69ea38ac2e82d54e3a876fafb7da09c791272851081b115212d1ff756a76572a58f462aba1942b950d5fdee16f1c40829e09eeaded33afe4429c5ad4cd54723ea3d4520dfb5eb4540b742c872d150dbd232485c8cd06bc71fc04245fd251121ee18881fda4cad80bb627870331eb25076164fb8f1380050310dee16853cfc4fc2c399e2610f1f8b3c6c370c3d67ec91ff1dba1d0f218211116ed1459a49d4867a58b67a5824014384f89154a58779df751c2788e8355f42ba9d1eee0654726521df38227ca281cb952d5d5329f02baac85d8b30a7be55d6a082f3687b7c87b86fd2cd7818e64975310fc1deb43d26d620ad8df5d39ce3e73c4879371b813f2cea9d1f012106a2f88932f2345ebd4384d7b862aa752b84a856868692a94dac88fa4083d78f278fd1e4b8968739fcd691a5d11517f2dd8c8772d5d5cb71d6eaab50ca77e0b6f94cef1f06ec52fb43ebb854fb7767ab177d54c657f8fe6e4cb7b3a5dcf1df7f2dc6669706f936db8df5366c81b75d8f065cbfefc356abe5cabef42ae87c315a4caebb14faa6f92117325ea0c0529b69411618cfedab4f77c6c465c6deaedfa747adedfee981f0fee981f0fee981f0fee981f0fee981f0fee970c772eafe7944d33cac17fe44aa1fbcbbf647523e41f827d303e1fdd39f8ff0ff01b722efc655f3acc40000000049454e44ae426082, 'Coca Cola', 'No. 10, Batu Caves', '71293', 'Malaysia', 'GImq3h', 'www.cocacola.com', 'Have fun with us', 'Buy Coca Cola products with 10% off', 10, 'Percentage', 'Malaysia', '2021-07-31'),
(00000002, 'Try Deal', 0x89504e470d0a1a0a0000000d49484452000000e1000000e10803000000096d2248000000b7504c5445e31d2afefefeffffffe30015e30012f0c6c4eec0beebb2b5df0000e10000e31d29dd0000fefeffe31826e30018e21e2ae31121e20009e30b1efaf3f2f1cacbf5dfdff2d4d4ea999af7e6e6ebaaabdd0010fbf6f5f9efeedd0007ecb4b5eaa2a4e0444bf3d2d2e36e72e68183e79092e1585ce04047e2666be16267df323ae67d80df2f37dd252fe7888aeba0a1f4dbdae25258e37377d80719e25c61e04d51de4348dd7a7de87473dc9091dd8384d76c6fe99493ea7c7dafc760a00000191c49444154789ced5d0977e2b8b206d921968c6c59ec7bd8f70021f3eebb6ffaffffae57a5c53609269086ccd0873a73a68917599f6a2fc9722effa753ee9feec0cde981f0fe4923247f26250849bdf0f4e751a14e1284cfd4fdf3883ea7113ab93f8f9cee1f8ff0cfe7e103e1ddd303e1fdd303e1fdd303e1fdd303e1fdd303e1fdd303e1fdd303e1fdd303e1fdd303e1fdd303e1fdd303e1fdd303e1fdd303e1fdd303e1fdd303e1fdd303e1fdd303e1fdd303e1fdd303e1fdd303e1fdd303e1fdd303e1fdd303e1fdd303e117c4d82d3a7555fa3642265dcf7b7bf35c7efd4e3111444001d7bf5dfcc30db21fc484383c2952bfbf873014341c16ea79428a8595f8fafa8b48b89d69a35ca9f41b1337a06cd72b6c2a954da1f6ee05c7248671b7b3fff5d24c1d710761f2d77710b2c0dbf593375226578528bd71216ebbb7aea4de7d69f7c2cf12c3dd79174f7683b87bb4364c75e91b08a5b72ea9776de07f950d21751a7e7dd379c484b7ab63dbf05fb5503d78ad473daf1b7ee0a3f01b44dfe0c5001b1b9abae2628482ee4aea998494a73ea51342b6d75245ee0dda7ae836039fbe20d64db7d1ada641befa327587fb5e0274a569a795370845b34c78da005e8ad0996f0cbefe840a96e3b44a86f2cbdbce2277b2d1f8da7b2abd1e484889aca2c0a1cd61c56224a434a07644191d21fbca1d29c9265287a29712d91ff4e732845c358997e67794c34045935d8b0caea288c26b98b1ab7952880dc90ffd8d960f26e97e9360acce2385917b051c9057cae490bc06aa0d1897917bd0ee450865b8214575e586ab71f29e5009aee214dd97b61ebbfac461c15f2d52e581572773cd2f26e8a0a49f8d181b32602197150438a42ce755f042e14d41c81bf4b0e14b10bae3bc1e47d2f0d48369191ff1e49ebceb2c62b170743d917366041fc13a8434e3d19386c75a846aa10c61488a6407d22966a40f723ddea02dfa00f01284712760d8d40131565235f97d4383e6c136cd72ce8090353c42ec4925d55f16bdb76388add5b2a5003a30044eb93befa0ae163f71f00284cceb1a092533c3b4a0872c6cfc3e0be5dc48687eebb030980250b41b4e833482f4755655f3a41dcc5bf8f005be3149fdd5af27ed32d69f009e8d90fb7d23a1646b9f1aa02bea7bbfad85ced8f67b09da2dfe0263a10ca357222f87f2c1dcf73a2229c9a502b8f69e9f0afd4a4b3b4dd2da1e19ed3311f266e513c01c5fb6f30d2feb96b329da1980752ef04925236a620a42fa319810de0890842b05f0d5eb262101214fc131b7751e421ee8976941f0c729b9e11d3fc8b8e302806bd3c34a93031e5a2055356a8c6ec8ee73975920ba13a10016bc57ab9780afbeff2ca1e7220c79b36e39384d5dc23007703f84518c49c7750e3d2497ea0803caa9abf52da101a8d5bbde418904b398e74a34e157fda88030b7896a4b36de307691a4bef032bcf239089957b14d0dd3822ee87baf5c7e3d482e782086ddc2f3384a1d72c375b730a041c7f73bbe64a8d448f80b01ea96eb4de5dbbd3619c8d0fc9a1dedb4ee0e297566366e2d75b73433ae3a07a1d7b7005f69ce2a06e3745ad70f784f3a22df9ef5b182151916845a59ba237dc2c9f1b9f2320530f4ae610369eb0c4faeade98a1ae4e9a8d831d59d22993bebee53bfdced0d27be7322aafa1a21a35d0bf029911a26c3beb2cf282149583f2882cca9836b35a821a30b9386189b2018a33a69603c74a606607ec5152e609c76afe032e0d2633d566f9f83230c72a00ed41bd64ea4c6e72174471660dd378f043e46b33c6229bcb032212b135aa16943a33dda3f91aa9253ae0e81999baa568a640d1ddb2916c22ff16ecde08b6602c41065c5380929cbeca8e045aa21f2ac2e0b819feb2fe2fe2f11ca7daccecb64b0747c4320fc1621217b35dabc53d5d2e73b74a518cb7867a318b8a3ce569d83a3aca90c21442b7c65a3c0817930f878653ee53c4f7ad1e7cec019b044c578b0690fd4e10b7ffc15421ee62dc25d2a8b6e6836b8601cfdbc0e8f05afab878fa80c5fcba41ca16fab2b80e0613c658d51651d9dc24f04f3ac85ee59858baa24e4a0ba2f071a91eece9c6825546629d8c1907d15707c85d0db5880dd64b0b4669236b41eb2a60e8fc5aaa4f523e22f460f8d93010eb160add90b50f8600ab4953a6ec7a3fdd8a280956c7281aa5b3ed673c63a6d3db4d85106429e0fbf0c8abf40e8d62cc0b617b7a5390898d175f0ad0a8fe5a4a59ebd88302801be478cebd121b528c7df5012c076286643f62738b3fa4d5a6fdcea7754265d3e0313f67c9c35f449b508e6164c010af9fbd7c9f769846212e79ddbd82047c66890026a0a04a7bd2017ed75f60a01a51ca9accdf248d9fca86b8d4bd2f4bb49f7c836e9a5d02eae343de627582ed0bea5182ab597ed94e27c1761e2ea1bb1de831d2f22404856d0d7fb2d32915e8dc452087a960721339c266db0097c62cc4cc218869c56f6ebc0a238fbf2e6292b3ce14bfd9405e2e29d3a8ce71951ff0984612e585b80ad8e6d4beb3a60f04ba4f442a305a9fae30a49dc8980ecaedc61c1429724e62082465cb7a98ed3828d650ee551b8912b33faadc7dba82db4f93917bc1021588ad88ec6a5186300217814cb36e44ea33629db120ad19553b99c440c73206b80a5065b485947f08926d99c9f9d3f3bda132aefcb683f099bbe8d90b90d0bb01ac76091ce83217864dc7fcda7eb99a4678256889cb916426d80b5034c87285ce48d8cd6cece9f4146d52d2308f63878fac29989e92984a1e50df9cb0eb4d0fe1fcc075ab3c01f8244d666fa5829f548636550098f9819a66da28e00ec31ce3ff798a7e6236835566696003c76d7d9089d9885561e420cf8f3c6ec63cbe018cbd474379dccb946a0c0c133f142622c81abe578665b7eb7a5b4c87b79ef1c9a7e167893d9bb2d8eea580f9599c51ce4aeb7fa0bee1201d2c5d91397b1f8595d6141cd488ae24728b684841a018461899aa12b8e0d30d887a23133b4d1478536e384421c697cdeb48cc27e909b05bc87d589b68ec459a765ad35f7ab0a2073975d2cbf2fe8b4d1ebf51abbe310b31106b1b37fb2f69c69d0a46524047aba0ea8cead52c91ce7ba372590518c668a460cc091563af8cc576366f26faaf7ee3bcebf80834dd596b937b2c99f0a41a38676c221c732291a2d8e652915142eb439c8b05999089381b6813f5cdc4bb310f3980de5865ff538a8b30933594888b394322b2cc14c07593cd6ef917a9e76a6908491a47828576ad2a9fa0a767a2c948f5206aee688559b74bd5c289775357444cf121549cf39ae919908c5d6b2309ec9617e5eab972ed38236c1b84585188e05688e28cd33f60153259b10b926dfd4a6495f5e248d26fdcbb40c8e186bcf24bfa781df260b115bae9217bcb454a01e6c8b6a589ea55fd0a73a19262713a13991eebbf66b566a312c0426740ceaf801b46700ec64684d0e80e5610b2354bccf866b2ab3d3e3a12ac1b46e123477a792ca49a086034457d79eb13c0a67461838cd34df0794fbdaf80db222d44c84b190e67d7b28328569d533de6c63740111cca1aed251cca1c4e46c0546914f4a900f5918a9f1c0f084e5a20a59299dd3650135c3e23e63cdd44433759c2c9cc2e160af01ee9d9cabea6d89c73e1ba10e2595f58a0d9c5fd4fddd0bacc3574809c2aba071a09af1fc431ee3712eacdfc744aaa2ec534a0b0395d4174144db5a5e4bc407a0ee42dbb33785b60ad2613dc5ff54c0b406a083ba3680853f1bab4e78d6346d164219f734b66fdc6403642a59b082e06d2ec25c642ce92f2524cc7b2564636d2b06c7eae7d209dba4ad0da7f36a0d58935973a6458cebc2403035e10eaa31eb402a9d327a65f47a62a93563e832aba027a616b210ba05cbc378f6c7a821989e8ebf4613abd4a892925c015a4f6c183ea02b03b0d5d9b548cb141dfd12496443ae9368202787d80193b0611580ab672e84b415475253bc36697003845eccb4fb6a6647365908a9ad305493b429ce34542caa93cfa862fdbd0ce81662f1b167f5b74a52d703c35523220e673004302cd4220e6a0e7c97da9736daaa8e01717e877b26d16abf284e793a0daea2d3376666712211ce42d849a993e5a12d31e78b45d29ae8465d5b8aa8ac4700a93471b709ae7afcb3359787b2a10c91d5afd02868cbd7c550e4ea18a710dd01e9baa6680c7faa4132e6b9856aeaa8a8c468f8650841274ce7122b6c7cbb3a5a0f8d76ca03c6f603c16d6d0e12b9b195ae765c17f75b36607392605ad94108271a8eee32569a820196eadba02443cd555d290e212d5309384ed6432fd5a997531958064211d7109358c8283c567cbb71d146d7060d9011641c98e4a8f0833c7b631d8840421ce726318721c853c30881cc5ec18764740e4aa8ee0047c182895a77d2b2534bfa2a2b97cfa83cc6cca8e836cc6518d32c84b1babc25028081b612bef42c8f98b44cedbbb0d2415835aeb57430a222c56152a59335cb568810029037d2da512d7c3df097b492923ae1ad41bc2bdd96961a1dd89b329f8a60a4b2ba248f350137ca4aa3b210fee793bfc7fe4dcaad527977584611410f0c4cbd6716488013ecd6db65acb5303129b737b566aa5ce4dac410178780a701f3af6b16e8d7e68ed6742375cc7b06dda39394b136a0b4ee706d96312284d0af32ce10d58b104242e6fbeec72405f238cfa7c9ec01733c2f32fd76bde860f62d290263b7c0fc5bf6d20d089b6732246dbe41ef5b1da6b3541db13226f346277336dd50657450dffed112f90984b1947e58f5775cda3fae37615901466c68205de62fb89042df19411c20031df019d5c78a105c6518a5232b9b6ca3abb47929781d0c0e3373fd2c5bbab4084fdaa94b09124cd32ca4446260a72b549ab293daefd910973630d8b431b7b233d6bb20936d490c124fac4c4e332ba719084da214cbff59dde742068eda7fd909e4d181816cd120442e702bef628e138e62aa0da94ea5219bc4aa9aee1f784a38c4df8a09938d8c424a8c13508d2c19cd4618d9a517fd736a765c0491d79c0cd6bde742b95c2e746bbb09e8e22794073c8c494062d5f6990e068ce62368ac5d194e3d25ce218f912a335362e46f07a7893627d64b6446deb1275f9eae66e11a5e6f35e895dbe4905ae5a1fcb41c34d6c3549c257071133cc52bea682c52c74ae03c4266220ff2b7b4b3092a1760b6500249096433ade373a9a711e294926eaf9cc944b552c1dffe5d566ecfae3ab3a45c645c2a3314d9452b8524dc9dc3ed5bc9b80e0670111993ab922e86dba47b2a3027340d078cfb159bc0d075aacc7209c25c6057721c5b6794d36bb13bfbd78fab5c3f82ec4fd2730bcc5628c1f9e95e710ad1199905393da3836cf1036f06ff28190f7a1689bbb5439e870baafa709dfa3d72c2ca2884593b969bf0080f8f686a8cd00f80dad1cebeb78905b2546a65c024a4e7a5d8684c2302594552c86885f3a53327196b10d31144026da6eb19a6e653f0815596ffdd91cd17ebb8a27871a26cce4e551353336bd5170a2135242bca5ca2da3514bafca65b1bbc70dff78096d35ee593a82a2cefa92ed078368b7417b3212e476bbd281e2485210c0cf59a1a16a72e40bd4672412b393ccc30a38ca3658fa8d7c8429893e324c1abbc4e57d2ef88e56cd8e82bb5ab7787133f721472dd203016179517937e5a82c4d58a6a1c7ac71754859690a0118b00a9da503d4ec4716d4237feddd7128d4900040de260d5334a19970eed4c06b56e79536fe97b8ece3dc9793d9dc42654690cdea873c4e57177b931f944f575319deed60d6586aa52d828275edaa19bcdafe3b2fd227e56c30a364b22f51eb525ea22a436f6302e6664b3f4b49d7a11643eeca616f96723c4c2b34d5e62940a5dd61c0170d2eb62a6519ed30027b351a6e7a30dc96365500f341a3f62db6b8864f983aadb6356b24fe48e735dee25bf22930dc2050b0c0ef4308610fccdfef7bfef713227e9dbaf42fb8851c898036681bf2b94ec50540aa37113d09d9eed016122c3b493e04a7aa77104ee2cbbca2e15cbeba69b6a4b4cb067a5d141ea22c6f8f8f21223f96087b775c340553c40517ee163c4fefffe3bd7abe544f4b6ee6718f6ccb5184cb81e7f9fcdf62fa11fb9f2cbb92c20bfbdfba8fcdc5d3d0de291e18e371f6f977ef461b2977bfbc5bbf7e1a0f0de672b9dfc31d9dcefdf5cbdfe6dbcf8cb0c85d8aac91b687550ce705ba7102a945c2d9ef81a9bb97c752494e5d13e9d6f70c18f05aee25838cb13a16122fe9dba149b12d1b2d13a66cacf4278291d1f8c1bbc011693f4c6e5cf51d5ed10fe2885886f57c994cefb479893feb0fd25bebb45c8807f67e1bb57844c788bf3f0dd2942410718749db22f778d90d3f1d7f6e508c27fff9bcb9a7834e95f802ff92ad92d9dd61589b998571e0392ca0f8e20cce77b9ddf7f43e4072868f63e0048aa43ad76bd52a9d4dbadd62152fb75c0d6da3fbb7af84f91a0eb562a7cd1c03685d7e1ec256c7a1ea55104792fa56fabed60d428d7f5b5b9f8f2d2c2fb576314e65de1185cbd30da732f72215be33c654718e35c4827f252550c7357fb5f8c110c68bcd61333ebd799a46ef071e6e1809c8f0815c6f5f197fbff69e27452b6b3fca4d2dbfbf434384547102a7dac49f7fc7ce94788f16859b0efdf9487e197a9b8a1a308552bcf737aaad0fad3040e42bf7e43f28541e763f27c823210ea6aeed4fbe29da29f22c65df37e18791af8aecc9cbd3b429908b542beaee879b2705382045ee3dbac6574697f4e21546fa1f5779f677d7f96049da817895abd393d3e6977924e21b456a7bbf54ebde0775362d2dbabf2597fe039df52992f112a8d6c37de954a5e6d139333893bcd35ae3929369668f6bea52f6720b420b7bef3a33ac9249d3cabd52d43ff7bec53741e42ed844add41f3c8c4ee4d88c948eaed77cae38f25d4cbe85c8416657f34f1dc5ba364d2edeccaca7a767fdb2b5f82d0b2b2305cde10250fe8dbe249e73daf6fbfbfd1d685082dca76613df1bf0879bf415cbafe5f3533af5c1a75ae111d7f03a14599efbf4e432fba124c5cf1e04fd64f2d55bb86311c82fa5dc3b07d13a14549dae5d7dddcf7dce082898d0360393569ee7a6fb35ad9ece081ef5eece86f9997eb204c60e62b85da60d23169e8f953383a43f5e7bbd7a7d4941f2446d3abe1fb7d84094ce067b5fb3adccf9b1e8d705594149074a727a0715f0cc8bb8594418013ec6f93e91aab0c077523854f5c31b8b80ac243a0a455af3e3df746c3e9ec7d1972dc0ec3505384e1643ffbb57e6d14aaf50fa5a2037c57a46b22fc883446506c01153f9d38726365ea5d3b6eba05c24cc0a7ebef605f063748ba7f00e17984f6f3f7c2b37f3742acf0656f3173ff08afe8dfff9508711fc81b56680f105e3499732d78e4e9fdeaf6330b21a9d4b571ff417cadde2aba6d2e76b836d19b8faa473dd56de091eaee77b2f76f20ec3a5c46cdc173fbf628313bc2dad9edcb229fd797e23aafa5ce626e855215aef73f546e3ebe821633d1975a396f505e5531b1cdc24015617fa4ae75624f8520f25f464fa5abf252d5b3a6fec585eb9b2054288197c96ad4df06079eeff5dd737f769ee0ebfdda704571733c2ad47f03a6bab3d21834a39f9fea396fef4b267047e6edfab96f93ba8bb09176b9b66f522c28fffc34cf05bbec32e066e4f331e6e571f67a2c40c0dd6f2d95365d9c6677cf9ccebc015dbc6339be8f10519fbf0f468d42bf524a614d51abbd29776bbbadd0cbf96f8f239bbef96d04f3e6052eeb785b4db6fbe96031445aeca6fbed3cb4a59a7fc344f9ef7fc1435797b0be8424d482e97f01b098aef38d929f9e75bb841e5f61b97f7a20bc7f7a20bc7f7a20bc7f7a20bc7f7a20bc7ffa2184ec870a6b47e867103249e93ff526c78f2064f2ef62ebf91f5a1cff333c0c6a446d5ff64fd02d113211485580622e22a4f63565389eecd0c3d5d71985ae323221f1cc5513ea1b2294cdc168346dba9cadf60d5c45b99fad18f4de690e6abdf58b7e8b8cbfcc6613e1cd5ef1957ae9e399e5393bad9f4fb743e898ed7d0b13bd8708fe7ee7398edb63aaf2b7daf0c3e912d20b2a0437b48a16ba705738b1cfe337fa712b8422fece4dd74d21645ebce70b1904eaf96484b3065b11d5ec8993fb205e4a374318550959f872d0274dbe5c1708a90ed7a325ee1a4c4863bf559fc19ca89dae708b64527fc19d9f484d3407c0c8c6153b723384b445f2be64225af11ca37f13f24ca564fc1dd0ecc1e6041dc0d58fd4f309a9f911a71bb5f1220b80e3e48a727a3b1e82e86df69ea38ac2e82d54e3a876fafb7da09c791272851081b115212d1ff756a76572a58f462aba1942b950d5fdee16f1c40829e09eeaded33afe4429c5ad4cd54723ea3d4520dfb5eb4540b742c872d150dbd232485c8cd06bc71fc04245fd251121ee18881fda4cad80bb627870331eb25076164fb8f1380050310dee16853cfc4fc2c399e2610f1f8b3c6c370c3d67ec91ff1dba1d0f218211116ed1459a49d4867a58b67a5824014384f89154a58779df751c2788e8355f42ba9d1eee0654726521df38227ca281cb952d5d5329f02baac85d8b30a7be55d6a082f3687b7c87b86fd2cd7818e64975310fc1deb43d26d620ad8df5d39ce3e73c4879371b813f2cea9d1f012106a2f88932f2345ebd4384d7b862aa752b84a856868692a94dac88fa4083d78f278fd1e4b8968739fcd691a5d11517f2dd8c8772d5d5cb71d6eaab50ca77e0b6f94cef1f06ec52fb43ebb854fb7767ab177d54c657f8fe6e4cb7b3a5dcf1df7f2dc6669706f936db8df5366c81b75d8f065cbfefc356abe5cabef42ae87c315a4caebb14faa6f92117325ea0c0529b69411618cfedab4f77c6c465c6deaedfa747adedfee981f0fee981f0fee981f0fee981f0fee981f0fee970c772eafe7944d33cac17fe44aa1fbcbbf647523e41f827d303e1fdd39f8ff0ff01b722efc655f3acc40000000049454e44ae426082, 'Try', 'No. 10, Batu Caves', '61793', 'Malaysia', 'WgLHii', 'www.deallink.com', 'Tag line', 'Description', 10, 'Percentage', 'Malaysia', '2021-07-31');

-- --------------------------------------------------------

--
-- Table structure for table `deal_page`
--

CREATE TABLE `deal_page` (
  `deal_id` int(8) UNSIGNED ZEROFILL NOT NULL,
  `user_id` int(8) UNSIGNED ZEROFILL NOT NULL,
  `enabled` tinyint(1) DEFAULT NULL,
  `ad_coversion` double DEFAULT NULL
) ENGINE=InnoDB DEFAULT CHARSET=latin1;

--
-- Dumping data for table `deal_page`
--

INSERT INTO `deal_page` (`deal_id`, `user_id`, `enabled`, `ad_coversion`) VALUES
(00000001, 00000002, 1, NULL),
(00000002, 00000003, 1, NULL);

-- --------------------------------------------------------

--
-- Table structure for table `deal_review`
--

CREATE TABLE `deal_review` (
  `deal_id` int(8) UNSIGNED ZEROFILL NOT NULL,
  `deal_status` varchar(80) DEFAULT NULL,
  `deal_comment` varchar(255) DEFAULT NULL
) ENGINE=InnoDB DEFAULT CHARSET=latin1;

--
-- Dumping data for table `deal_review`
--

INSERT INTO `deal_review` (`deal_id`, `deal_status`, `deal_comment`) VALUES
(00000001, 'approved', 'Good'),
(00000002, 'approved', 'Good');

-- --------------------------------------------------------

--
-- Table structure for table `management`
--

CREATE TABLE `management` (
  `user_id` int(8) UNSIGNED ZEROFILL NOT NULL,
  `category` varchar(30) DEFAULT NULL,
  `blocked` int(1) NOT NULL DEFAULT 0
) ENGINE=InnoDB DEFAULT CHARSET=latin1;

--
-- Dumping data for table `management`
--

INSERT INTO `management` (`user_id`, `category`, `blocked`) VALUES
(00000001, 'Beginner', 1),
(00000002, 'Amateur', 0),
(00000003, 'Beginner', 0),
(00000004, 'Beginner', 0),
(00000005, 'Beginner', 0),
(00000006, 'Beginner', 0);

-- --------------------------------------------------------

--
-- Table structure for table `referrals`
--

CREATE TABLE `referrals` (
  `deal_id` int(8) UNSIGNED ZEROFILL NOT NULL,
  `sender_id` int(8) UNSIGNED ZEROFILL NOT NULL,
  `receiver_id` int(8) UNSIGNED ZEROFILL NOT NULL,
  `receipt` longblob NOT NULL
) ENGINE=InnoDB DEFAULT CHARSET=utf8mb4;

--
-- Dumping data for table `referrals`
--

INSERT INTO `referrals` (`deal_id`, `sender_id`, `receiver_id`, `receipt`) VALUES
(00000002, 00000004, 00000005, '');

-- --------------------------------------------------------

--
-- Table structure for table `reward_rate`
--

CREATE TABLE `reward_rate` (
  `category` varchar(30) NOT NULL,
  `point_conversion` double DEFAULT NULL
) ENGINE=InnoDB DEFAULT CHARSET=latin1;

--
-- Dumping data for table `reward_rate`
--

INSERT INTO `reward_rate` (`category`, `point_conversion`) VALUES
('Amateur', 0.4),
('Beginner', 0.2),
('Expert', 0.5);

-- --------------------------------------------------------

--
-- Table structure for table `saved_deals`
--

CREATE TABLE `saved_deals` (
  `deal_id` int(8) UNSIGNED ZEROFILL NOT NULL,
  `user_id` int(8) UNSIGNED ZEROFILL NOT NULL
) ENGINE=InnoDB DEFAULT CHARSET=utf8mb4;

--
-- Dumping data for table `saved_deals`
--

INSERT INTO `saved_deals` (`deal_id`, `user_id`) VALUES
(00000001, 00000002),
(00000001, 00000004);

-- --------------------------------------------------------

--
-- Table structure for table `users`
--

CREATE TABLE `users` (
  `user_id` int(8) UNSIGNED ZEROFILL NOT NULL,
  `user_name` varchar(255) CHARACTER SET utf8 NOT NULL,
  `user_password` varchar(64) DEFAULT NULL,
  `user_email` varchar(255) CHARACTER SET utf8 DEFAULT NULL,
  `user_type` varchar(10) DEFAULT NULL,
  `fb_id` text DEFAULT NULL,
  `twt_id` text DEFAULT NULL,
  `gg_id` text DEFAULT NULL
) ENGINE=InnoDB DEFAULT CHARSET=latin1;

--
-- Dumping data for table `users`
--

INSERT INTO `users` (`user_id`, `user_name`, `user_password`, `user_email`, `user_type`, `fb_id`, `twt_id`, `gg_id`) VALUES
(00000001, 'Admin', 'bb708c6b129a01b29aef5a434fea3ee2', 'admin@dealshare.com', 'admin', NULL, NULL, NULL),
(00000002, 'Addin', '3e326c86b5b4e83b1200387fec45cd07', 'addin@gmail.com', 'common', NULL, NULL, NULL),
(00000003, 'MUHAMMAD NUR ADDIN BIN ABDUL HAMID / UPM', NULL, '203521@student.upm.edu.my', 'common', NULL, NULL, '111572691553277209036'),
(00000004, 'Azri', '8a6c2a58dd458a761c6de083b12a4e45', 'azri@gmail.com', 'common', NULL, NULL, NULL),
(00000005, 'Muhd Nur Addin', NULL, 'addin.cool15@gmail.com', 'common', '337854757977089', NULL, NULL),
(00000006, 'Addin.', NULL, 'wrath.sins123@gmail.com', 'common', NULL, '452533476', NULL);

-- --------------------------------------------------------

--
-- Table structure for table `users_information`
--

CREATE TABLE `users_information` (
  `user_id` int(8) UNSIGNED ZEROFILL NOT NULL,
  `user_age` int(11) DEFAULT NULL,
  `user_gender` varchar(6) DEFAULT NULL,
  `user_number` varchar(12) DEFAULT NULL,
  `user_address` varchar(256) DEFAULT NULL,
  `user_postal` int(5) DEFAULT NULL,
  `user_country` varchar(30) DEFAULT NULL
) ENGINE=InnoDB DEFAULT CHARSET=latin1;

--
-- Dumping data for table `users_information`
--

INSERT INTO `users_information` (`user_id`, `user_age`, `user_gender`, `user_number`, `user_address`, `user_postal`, `user_country`) VALUES
(00000001, NULL, 'Male', '0123456789', 'Batu caves', 81726, 'Malaysia'),
(00000002, NULL, 'Male', '0123456789', 'Kampung Ulu Teris', 27200, 'Malaysia'),
(00000003, 21, NULL, '0173665720', 'Kampung Bapong', 27100, 'Malaysia'),
(00000004, 21, 'Male', '01672934', 'Rawang', 73692, 'Malaysia'),
(00000005, NULL, NULL, '', 'Kuala Lipis', 0, ''),
(00000006, NULL, NULL, NULL, NULL, NULL, NULL);

--
-- Indexes for dumped tables
--

--
-- Indexes for table `deal`
--
ALTER TABLE `deal`
  ADD PRIMARY KEY (`deal_id`);

--
-- Indexes for table `deal_page`
--
ALTER TABLE `deal_page`
  ADD PRIMARY KEY (`deal_id`),
  ADD KEY `user_id` (`user_id`);

--
-- Indexes for table `deal_review`
--
ALTER TABLE `deal_review`
  ADD PRIMARY KEY (`deal_id`);

--
-- Indexes for table `management`
--
ALTER TABLE `management`
  ADD PRIMARY KEY (`user_id`);

--
-- Indexes for table `referrals`
--
ALTER TABLE `referrals`
  ADD PRIMARY KEY (`deal_id`,`sender_id`,`receiver_id`),
  ADD KEY `referrals_ibfk_2` (`sender_id`),
  ADD KEY `referrals_ibfk_3` (`receiver_id`);

--
-- Indexes for table `reward_rate`
--
ALTER TABLE `reward_rate`
  ADD PRIMARY KEY (`category`);

--
-- Indexes for table `saved_deals`
--
ALTER TABLE `saved_deals`
  ADD PRIMARY KEY (`deal_id`,`user_id`),
  ADD KEY `user_id` (`user_id`);

--
-- Indexes for table `users`
--
ALTER TABLE `users`
  ADD PRIMARY KEY (`user_id`),
  ADD UNIQUE KEY `user_email` (`user_email`);

--
-- Indexes for table `users_information`
--
ALTER TABLE `users_information`
  ADD PRIMARY KEY (`user_id`);

--
-- AUTO_INCREMENT for dumped tables
--

--
-- AUTO_INCREMENT for table `deal`
--
ALTER TABLE `deal`
  MODIFY `deal_id` int(8) UNSIGNED ZEROFILL NOT NULL AUTO_INCREMENT, AUTO_INCREMENT=3;

--
-- AUTO_INCREMENT for table `deal_page`
--
ALTER TABLE `deal_page`
  MODIFY `deal_id` int(8) UNSIGNED ZEROFILL NOT NULL AUTO_INCREMENT, AUTO_INCREMENT=3;

--
-- AUTO_INCREMENT for table `deal_review`
--
ALTER TABLE `deal_review`
  MODIFY `deal_id` int(8) UNSIGNED ZEROFILL NOT NULL AUTO_INCREMENT, AUTO_INCREMENT=3;

--
-- AUTO_INCREMENT for table `management`
--
ALTER TABLE `management`
  MODIFY `user_id` int(8) UNSIGNED ZEROFILL NOT NULL AUTO_INCREMENT, AUTO_INCREMENT=7;

--
-- AUTO_INCREMENT for table `users`
--
ALTER TABLE `users`
  MODIFY `user_id` int(8) UNSIGNED ZEROFILL NOT NULL AUTO_INCREMENT, AUTO_INCREMENT=7;

--
-- AUTO_INCREMENT for table `users_information`
--
ALTER TABLE `users_information`
  MODIFY `user_id` int(8) UNSIGNED ZEROFILL NOT NULL AUTO_INCREMENT, AUTO_INCREMENT=7;

--
-- Constraints for dumped tables
--

--
-- Constraints for table `deal_page`
--
ALTER TABLE `deal_page`
  ADD CONSTRAINT `deal_page_ibfk_1` FOREIGN KEY (`deal_id`) REFERENCES `deal` (`deal_id`),
  ADD CONSTRAINT `deal_page_ibfk_2` FOREIGN KEY (`user_id`) REFERENCES `users` (`user_id`);

--
-- Constraints for table `deal_review`
--
ALTER TABLE `deal_review`
  ADD CONSTRAINT `deal_review_ibfk_1` FOREIGN KEY (`deal_id`) REFERENCES `deal` (`deal_id`);

--
-- Constraints for table `management`
--
ALTER TABLE `management`
  ADD CONSTRAINT `management_ibfk_1` FOREIGN KEY (`user_id`) REFERENCES `users` (`user_id`);

--
-- Constraints for table `users_information`
--
ALTER TABLE `users_information`
  ADD CONSTRAINT `users_information_ibfk_1` FOREIGN KEY (`user_id`) REFERENCES `users` (`user_id`);
COMMIT;

/*!40101 SET CHARACTER_SET_CLIENT=@OLD_CHARACTER_SET_CLIENT */;
/*!40101 SET CHARACTER_SET_RESULTS=@OLD_CHARACTER_SET_RESULTS */;
/*!40101 SET COLLATION_CONNECTION=@OLD_COLLATION_CONNECTION */;
